210,211,212,213,214,215,216,217,218,220,222,223,225,226,227,228,229,230,234,235,236,237,238,239,240,241,242,243,244,245,247,249,250,251,252,254,258,259,260,261,262,263,264,265,267,268
SampleID,210,211,212,213,214,215,216,217,218,220,222,223,225,226,227,228,229,230,234,235,236,237,238,239,240,241,242,243,244,245,247,249,250,251,252,254,258,259,260,261,262,263,264,265,267,268
BarcodeSequence,CGCTGTGGAT,CCACAACGAT,CCGGTGTGAT,CAAGGCACAA,AACCTCGGAT,GTGCTTGTGT,ATAGTGTTCG,TAATCTCGCC,GGAACGACGT,CAGATCCCAA,TCCATTTCAT,TCGGCGATCA,GTTTCACGCG,TGAATACCTG,TACTCTCTTA,CTCCCACTAG,AGCCCTGCTA,CGAAGCATCT,TCATTCCACT,GGCCAAGGAA,GTCACATCAC,CGACATTTCT,GGACGTTAAC,CACGCTATTG,AACTTCACTT,GAGTCGATCT,GACCTACCGC,CCAGTGGATA,TGTGTGTAAC,CCAATCGTGC,GACTCGCAAC,CGTAAGATGC,GCAGAGAGGC,TCCTTGTCCT,ACGATTCGAG,CTACAATTGA,GTGACGTTAG,ATGGAAGGTG,CCGGCTTATG,CTGTGCAACG,AGGGTACAGG,GGAACACATG,TCGGATCTGT,TTGGCGGGTT,GTGTGGCAGA,GCCGGTACTC
LinkerPrimerSequence,CTTGGTCATTTAGAGGAAGTAA,CTTGGTCATTTAGAGGAAGTAA,CTTGGTCATTTAGAGGAAGTAA,CTTGGTCATTTAGAGGAAGTAA,CTTGGTCATTTAGAGGAAGTAA,CTTGGTCATTTAGAGGAAGTAA,CTTGGTCATTTAGAGGAAGTAA,CTTGGTCATTTAGAGGAAGTAA,CTTGGTCATTTAGAGGAAGTAA,CTTGGTCATTTAGAGGAAGTAA,CTTGGTCATTTAGAGGAAGTAA,CTTGGTCATTTAGAGGAAGTAA,CTTGGTCATTTAGAGGAAGTAA,CTTGGTCATTTAGAGGAAGTAA,CTTGGTCATTTAGAGGAAGTAA,CTTGGTCATTTAGAGGAAGTAA,CTTGGTCATTTAGAGGAAGTAA,CTTGGTCATTTAGAGGAAGTAA,CTTGGTCATTTAGAGGAAGTAA,CTTGGTCATTTAGAGGAAGTAA,CTTGGTCATTTAGAGGAAGTAA,CTTGGTCATTTAGAGGAAGTAA,CTTGGTCATTTAGAGGAAGTAA,CTTGGTCATTTAGAGGAAGTAA,CTTGGTCATTTAGAGGAAGTAA,CTTGGTCATTTAGAGGAAGTAA,CTTGGTCATTTAGAGGAAGTAA,CTTGGTCATTTAGAGGAAGTAA,CTTGGTCATTTAGAGGAAGTAA,CTTGGTCATTTAGAGGAAGTAA,CTTGGTCATTTAGAGGAAGTAA,CTTGGTCATTTAGAGGAAGTAA,CTTGGTCATTTAGAGGAAGTAA,CTTGGTCATTTAGAGGAAGTAA,CTTGGTCATTTAGAGGAAGTAA,CTTGGTCATTTAGAGGAAGTAA,CTTGGTCATTTAGAGGAAGTAA,CTTGGTCATTTAGAGGAAGTAA,CTTGGTCATTTAGAGGAAGTAA,CTTGGTCATTTAGAGGAAGTAA,CTTGGTCATTTAGAGGAAGTAA,CTTGGTCATTTAGAGGAAGTAA,CTTGGTCATTTAGAGGAAGTAA,CTTGGTCATTTAGAGGAAGTAA,CTTGGTCATTTAGAGGAAGTAA,CTTGGTCATTTAGAGGAAGTAA
Reverse_Primer,AGARCCAAGAGATCCRTT,AGARCCAAGAGATCCRTT,AGARCCAAGAGATCCRTT,AGARCCAAGAGATCCRTT,AGARCCAAGAGATCCRTT,AGARCCAAGAGATCCRTT,AGARCCAAGAGATCCRTT,AGARCCAAGAGATCCRTT,AGARCCAAGAGATCCRTT,AGARCCAAGAGATCCRTT,AGARCCAAGAGATCCRTT,AGARCCAAGAGATCCRTT,AGARCCAAGAGATCCRTT,AGARCCAAGAGATCCRTT,AGARCCAAGAGATCCRTT,AGARCCAAGAGATCCRTT,AGARCCAAGAGATCCRTT,AGARCCAAGAGATCCRTT,AGARCCAAGAGATCCRTT,AGARCCAAGAGATCCRTT,AGARCCAAGAGATCCRTT,AGARCCAAGAGATCCRTT,AGARCCAAGAGATCCRTT,AGARCCAAGAGATCCRTT,AGARCCAAGAGATCCRTT,AGARCCAAGAGATCCRTT,AGARCCAAGAGATCCRTT,AGARCCAAGAGATCCRTT,AGARCCAAGAGATCCRTT,AGARCCAAGAGATCCRTT,AGARCCAAGAGATCCRTT,AGARCCAAGAGATCCRTT,AGARCCAAGAGATCCRTT,AGARCCAAGAGATCCRTT,AGARCCAAGAGATCCRTT,AGARCCAAGAGATCCRTT,AGARCCAAGAGATCCRTT,AGARCCAAGAGATCCRTT,AGARCCAAGAGATCCRTT,AGARCCAAGAGATCCRTT,AGARCCAAGAGATCCRTT,AGARCCAAGAGATCCRTT,AGARCCAAGAGATCCRTT,AGARCCAAGAGATCCRTT,AGARCCAAGAGATCCRTT,AGARCCAAGAGATCCRTT
barcode_number,600,601,602,603,604,605,606,607,608,610,612,613,615,616,617,618,619,620,624,625,626,627,628,629,630,631,632,633,634,635,637,639,640,641,642,644,648,649,650,651,652,653,721,655,657,722
dataset,fungi,fungi,fungi,fungi,fungi,fungi,fungi,fungi,fungi,fungi,fungi,fungi,fungi,fungi,fungi,fungi,fungi,fungi,fungi,fungi,fungi,fungi,fungi,fungi,fungi,fungi,fungi,fungi,fungi,fungi,fungi,fungi,fungi,fungi,fungi,fungi,fungi,fungi,fungi,fungi,fungi,fungi,fungi,fungi,fungi,fungi
extraction_date,9_30_2018,9_30_2018,9_30_2018,9_30_2018,9_30_2018,9_30_2018,9_30_2018,9_30_2018,9_30_2018,9_30_2018,9_30_2018,9_30_2018,9_30_2018,9_30_2018,9_30_2018,9_30_2018,9_30_2018,9_30_2018,,9_30_2018,9_30_2018,9_30_2018,9_30_2018,9_30_2018,9_30_2018,9_30_2018,9_30_2018,9_30_2018,9_30_2018,9_30_2018,9_30_2018,9_30_2018,9_30_2018,9_30_2018,9_30_2018,9_30_2018,9_23_2018,9_23_2018,9_23_2018,9_23_2018,9_23_2018,9_23_2018,9_23_2018,9_23_2018,9_23_2018,9_23_2018
extraction_method,Swab,Swab,Swab,Swab,Swab,Swab,Swab,Swab,Swab,Swab,Swab,Swab,Swab,Swab,Swab,Swab,Swab,Swab,,omega kit,omega kit,omega kit,omega kit,omega kit,omega kit,omega kit,omega kit,omega kit,omega kit,omega kit,omega kit,omega kit,omega kit,omega kit,omega kit,omega kit,power soil,power soil,power soil,power soil,power soil,power soil,power soil,power soil,power soil,power soil
plate_number,3,3,3,3,3,3,3,3,3,3,3,3,3,3,3,3,3,3,3,3,3,3,3,3,3,3,3,3,3,3,3,3,3,3,3,3,3,3,3,3,3,3,3,3,3,3
group_name,DEM,DEM,DEM,DEM,DEM,DEM,DEM,DEM,DEM,DEM,DEM,DEM,DEM,DEM,DEM,DEM,DEM,DEM,DEM,DEM,DEM,DEM,DEM,DEM,DEM,DEM,DEM,DEM,DEM,DEM,DEM,DEM,DEM,DEM,DEM,DEM,DEM,DEM,DEM,DEM,DEM,DEM,DEM,DEM,DEM,DEM
Swab_type,Cotton,Synthetic,Cotton,Synthetic,Cotton,Synthetic,Cotton,Synthetic,Cotton,Synthetic,Synthetic,Cotton,Cotton,Synthetic,Cotton,Synthetic,Cotton,Synthetic,,,,,,,,,,,,,,,,,,,,,,,,,,,,
Plant_species,Carya ovata,Carya ovata,Acer rubrum,Acer rubrum,Carya ovata,Carya ovata,Acer rubrum,Acer rubrum,Carya ovata,Carya ovata,Acer rubrum,Carya ovata,Acer rubrum,Acer rubrum,Carya ovata,Carya ovata,Acer rubrum,Acer rubrum,Carya ovata,Carya ovata,Carya ovata,Carya ovata,Carya ovata,Acer rubrum,Acer rubrum,Acer rubrum,Acer rubrum,Acer rubrum,Carya ovata,Carya ovata,Carya ovata,Acer rubrum,Acer rubrum,Acer rubrum,Acer rubrum,Acer rubrum,Acer rubrum,Carya ovata,Acer rubrum,Carya ovata,Acer rubrum,Carya ovata,Acer rubrum,Carya ovata,Acer rubrum,Carya ovata
Latitude,42.51722,42.51722,42.51722,42.51722,42.51629,42.51629,42.51629,42.51629,42.51717,42.51717,42.51717,42.51598,42.51598,42.51598,42.51613,42.51613,42.51613,42.51613,42.51722,42.51629,42.51717,42.51598,42.51613,42.51722,42.51629,42.51717,42.51598,42.51613,42.51722,42.51629,42.51598,42.51722,42.51629,42.51717,42.51598,42.51613,42.51722,42.51722,42.51629,42.51629,42.51717,42.51717,42.51598,42.51598,42.51613,42.51613
Longitude,-84.32303,-84.32303,-84.32303,-84.32303,-84.32469,-84.32469,-84.32469,-84.32469,-84.32599,-84.32599,-84.32599,-84.32552,-84.32552,-84.32552,-84.31337,-84.31337,-84.31337,-84.31337,-84.32303,-84.32469,-84.32599,-84.32552,-84.31337,-84.32303,-84.32469,-84.32599,-84.32552,-84.31337,-84.32303,-84.32469,-84.32552,-84.32303,-84.32469,-84.32599,-84.32552,-84.31337,-84.32303,-84.32303,-84.32469,-84.32469,-84.32599,-84.32599,-84.32552,-84.32552,-84.31337,-84.31337
Site, 1, 1, 1, 1, 2, 2, 2, 2, 3, 3, 3, 4, 4, 4, 5, 5, 5, 5, 1, 2, 3, 4, 5, 1, 2, 3, 4, 5, 1, 2, 3, 1, 2, 3, 4, 5, 1, 1, 2, 2, 3, 3, 4, 4, 5, 5
Soil_Leaf_Litter_Leaf_swab,Leaf swab,Leaf swab,Leaf swab,Leaf swab,Leaf swab,Leaf swab,Leaf swab,Leaf swab,Leaf swab,Leaf swab,Leaf swab,Leaf swab,Leaf swab,Leaf swab,Leaf swab,Leaf swab,Leaf swab,Leaf swab,Litter,Litter,Litter,Litter,Litter,Litter,Litter,Litter,Litter,Litter,Leaf,Leaf,Leaf,Leaf,Leaf,Leaf,Leaf,Leaf,Soil,Soil,Soil,Soil,Soil,Soil,Soil,Soil,Soil,Soil
Description,JL1,JL2,JL3,JL4,JL5,JL6,JL7,JL8,JL9,JL10,JL12,JL13,JL15,JL16,JL17,JL18,JL19,JL20,JL23,JL24,JL25,JL26,JL27,JL28,JL29,JL30,JL31,JL32,JL33,JL34,JL36,JL38,JL39,JL40,JL41,JL42,S1_MAPLE,S1_HICKORY,S2_MAPLE,S2_HICKORY,S3_MAPLE,S3_HICKORY,S4_MAPLE,S4_HICKORY,S5_MAPLE,S5_HICKORY
Name,210Swab3DEMCottonCarya ovata42.5172177-84.32303051Leaf swabJL1,211Swab3DEMSyntheticCarya ovata42.5172177-84.32303051Leaf swabJL2,212Swab3DEMCottonAcer rubrum42.5172177-84.32303051Leaf swabJL3,213Swab3DEMSyntheticAcer rubrum42.5172177-84.32303051Leaf swabJL4,214Swab3DEMCottonCarya ovata42.51629-84.324692Leaf swabJL5,215Swab3DEMSyntheticCarya ovata42.51629-84.324692Leaf swabJL6,216Swab3DEMCottonAcer rubrum42.51629-84.324692Leaf swabJL7,217Swab3DEMSyntheticAcer rubrum42.51629-84.324692Leaf swabJL8,218Swab3DEMCottonCarya ovata42.51717-84.3259933Leaf swabJL9,220Swab3DEMSyntheticCarya ovata42.51717-84.3259933Leaf swabJL10,222Swab3DEMSyntheticAcer rubrum42.51717-84.3259933Leaf swabJL12,223Swab3DEMCottonCarya ovata42.51598-84.3255224Leaf swabJL13,225Swab3DEMCottonAcer rubrum42.51598-84.3255224Leaf swabJL15,226Swab3DEMSyntheticAcer rubrum42.51598-84.3255224Leaf swabJL16,227Swab3DEMCottonCarya ovata42.516128-84.3133665Leaf swabJL17,228Swab3DEMSyntheticCarya ovata42.516128-84.3133665Leaf swabJL18,229Swab3DEMCottonAcer rubrum42.516128-84.3133665Leaf swabJL19,230Swab3DEMSyntheticAcer rubrum42.516128-84.3133665Leaf swabJL20,234NA3DEMNACarya ovata42.5172177-84.32303051LitterJL23,235omega kit3DEMNACarya ovata42.51629-84.324692LitterJL24,236omega kit3DEMNACarya ovata42.51717-84.3259933LitterJL25,237omega kit3DEMNACarya ovata42.51598-84.3255224LitterJL26,238omega kit3DEMNACarya ovata42.516128-84.3133665LitterJL27,239omega kit3DEMNAAcer rubrum42.5172177-84.32303051LitterJL28,240omega kit3DEMNAAcer rubrum42.51629-84.324692LitterJL29,241omega kit3DEMNAAcer rubrum42.51717-84.3259933LitterJL30,242omega kit3DEMNAAcer rubrum42.51598-84.3255224LitterJL31,243omega kit3DEMNAAcer rubrum42.516128-84.3133665LitterJL32,244omega kit3DEMNACarya ovata42.5172177-84.32303051LeafJL33,245omega kit3DEMNACarya ovata42.51629-84.324692LeafJL34,247omega kit3DEMNACarya ovata42.51598-84.3255223LeafJL36,249omega kit3DEMNAAcer rubrum42.5172177-84.32303051LeafJL38,250omega kit3DEMNAAcer rubrum42.51629-84.324692LeafJL39,251omega kit3DEMNAAcer rubrum42.51717-84.3259933LeafJL40,252omega kit3DEMNAAcer rubrum42.51598-84.3255224LeafJL41,254omega kit3DEMNAAcer rubrum42.516128-84.3133665LeafJL42,258power soil3DEMNAAcer rubrum42.5172177-84.32303051SoilS1_MAPLE,259power soil3DEMNACarya ovata42.5172177-84.32303051SoilS1_HICKORY,260power soil3DEMNAAcer rubrum42.51629-84.324692SoilS2_MAPLE,261power soil3DEMNACarya ovata42.51629-84.324692SoilS2_HICKORY,262power soil3DEMNAAcer rubrum42.51717-84.3259933SoilS3_MAPLE,263power soil3DEMNACarya ovata42.51717-84.3259933SoilS3_HICKORY,264power soil3DEMNAAcer rubrum42.51598-84.3255224SoilS4_MAPLE,265power soil3DEMNACarya ovata42.51598-84.3255224SoilS4_HICKORY,267power soil3DEMNAAcer rubrum42.516128-84.3133665SoilS5_MAPLE,268power soil3DEMNACarya ovata42.516128-84.3133665SoilS5_HICKORY
Swab_abr,-Cot,-Syn,-Cot,-Syn,-Cot,-Syn,-Cot,-Syn,-Cot,-Syn,-Syn,-Cot,-Cot,-Syn,-Cot,-Syn,-Cot,-Syn,,,,,,,,,,,,,,,,,,,,,,,,,,,,
Species_abr,C,C,A,A,C,C,A,A,C,C,A,C,A,A,C,C,A,A,C,C,C,C,C,A,A,A,A,A,C,C,C,A,A,A,A,A,A,C,A,C,A,C,A,C,A,C
Short_name,C-1-Leaf swab-Cot,C-1-Leaf swab-Syn,A-1-Leaf swab-Cot,A-1-Leaf swab-Syn,C-2-Leaf swab-Cot,C-2-Leaf swab-Syn,A-2-Leaf swab-Cot,A-2-Leaf swab-Syn,C-3-Leaf swab-Cot,C-3-Leaf swab-Syn,A-3-Leaf swab-Syn,C-4-Leaf swab-Cot,A-4-Leaf swab-Cot,A-4-Leaf swab-Syn,C-5-Leaf swab-Cot,C-5-Leaf swab-Syn,A-5-Leaf swab-Cot,A-5-Leaf swab-Syn,C-1-Litter,C-2-Litter,C-3-Litter,C-4-Litter,C-5-Litter,A-1-Litter,A-2-Litter,A-3-Litter,A-4-Litter,A-5-Litter,C-1-Leaf,C-2-Leaf,C-3-Leaf,A-1-Leaf,A-2-Leaf,A-3-Leaf,A-4-Leaf,A-5-Leaf,A-1-Soil,C-1-Soil,A-2-Soil,C-2-Soil,A-3-Soil,C-3-Soil,A-4-Soil,C-4-Soil,A-5-Soil,C-5-Soil
Substrate,Epi,Epi,Epi,Epi,Epi,Epi,Epi,Epi,Epi,Epi,Epi,Epi,Epi,Epi,Epi,Epi,Epi,Epi,Lit,Lit,Lit,Lit,Lit,Lit,Lit,Lit,Lit,Lit,Endo,Endo,Endo,Endo,Endo,Endo,Endo,Endo,Soil,Soil,Soil,Soil,Soil,Soil,Soil,Soil,Soil,Soil
Fin_name,C-1-Epi-Cot,C-1-Epi-Syn,A-1-Epi-Cot,A-1-Epi-Syn,C-2-Epi-Cot,C-2-Epi-Syn,A-2-Epi-Cot,A-2-Epi-Syn,C-3-Epi-Cot,C-3-Epi-Syn,A-3-Epi-Syn,C-4-Epi-Cot,A-4-Epi-Cot,A-4-Epi-Syn,C-5-Epi-Cot,C-5-Epi-Syn,A-5-Epi-Cot,A-5-Epi-Syn,C-1-Lit,C-2-Lit,C-3-Lit,C-4-Lit,C-5-Lit,A-1-Lit,A-2-Lit,A-3-Lit,A-4-Lit,A-5-Lit,C-1-Endo,C-2-Endo,C-3-Endo,A-1-Endo,A-2-Endo,A-3-Endo,A-4-Endo,A-5-Endo,A-1-Soil,C-1-Soil,A-2-Soil,C-2-Soil,A-3-Soil,C-3-Soil,A-4-Soil,C-4-Soil,A-5-Soil,C-5-Soil
